Song,Singers,Movie,Hero ,Director,Year
Sooda Oru Sooriyan,[' Deepak'], Sathriyan, Vikram Prabhu, S. R. Prabhakaran.,2017
Paarai Mele,[' Yuvan Shankar Raja'], Sathriyan, Vikram Prabhu, S. R. Prabhakaran.,2017
Maina Rendu,[' Vijay Yesudas'], Sathriyan, Vikram Prabhu, S. R. Prabhakaran.,2017
Sathriyan Action Theme,0, Sathriyan, Vikram Prabhu, S. R. Prabhakaran.,2017
Good Bad and Ugly,[' Aishvarya Khumar'], Nenjam Marappathillai, S. J. Surya, Selvaraghavan.,2016
Kannungala Chellangala (Tribute To Kaviarasar Kannadasan),[' Yuvan Shankar Raja'], Nenjam Marappathillai, S. J. Surya, Selvaraghavan.,2016
Maalai Varum Venn Ila,"[' Dhanush', ' Yuvan Shankar Raja']", Nenjam Marappathillai, S. J. Surya, Selvaraghavan.,2016
En Pondaati Ooruku Poita,"[' Yuvan Shankar Raja', ' S.J.Suryah']", Nenjam Marappathillai, S. J. Surya, Selvaraghavan.,2016
Trend Song,[' STR'], Anbanavan Asaradhavan Adangadhavan, Silambarasan, Adhik Ravichandran.,2017
Neee En Kangal,[' Yuvan Shankar Raja'], Yaakkai, Krishna, Kuzhandhai Velappan.,2017
Solli Tholaiyen Ma,[' Dhanush'], Yaakkai, Krishna, Kuzhandhai Velappan.,2017
Ennulae,[' Tanvi Shah'], Yaakkai, Krishna, Kuzhandhai Velappan.,2017
Naan Ini Kaatril,"[' Yuvan Shankar Raja', ' Chinmayi']", Yaakkai, Krishna, Kuzhandhai Velappan.,2017
Neee En Kangal,[' Yuvan Shankar Raja'], Yaakkai, Krishna, Kuzhandhai Velappan.,2017
Solli Tholaiyen Ma,[' Dhanush'], Yaakkai, Krishna, Kuzhandhai Velappan.,2017
Ennulae,[' Tanvi Shah'], Yaakkai, Krishna, Kuzhandhai Velappan.,2017
Naan Ini Kaatril,"[' Yuvan Shankar Raja', ' Chinmayi']", Yaakkai, Krishna, Kuzhandhai Velappan.,2017
Yaaro Ucchikilai Meley,[' Yuvan Shankar Raja'], Taramani, Vasanth Ravi, Ram.,2017
Unn Badhil Vendi,"[' Siddharth', ' Sruthi S']", Taramani, Vasanth Ravi, Ram.,2017
Unnai Unnai Unnai,"[' Yuvan Shankar Raja', ' Sruthi S']", Taramani, Vasanth Ravi, Ram.,2017
Kaadhal Oru Kattukkadhai,"[' Suvi', ' Rita']", Taramani, Vasanth Ravi, Ram.,2017
Oru Koappai,[' Andrea Jeremiah'], Taramani, Vasanth Ravi, Ram.,2017
Paavangalai,"[' Mukesh', ' Senthil Das', ' Yuvan Shankar Raja']", Taramani, Vasanth Ravi, Ram.,2017
From The Bottom Of Our Hearts,0, Taramani, Vasanth Ravi, Ram.,2017
Endha Pakkam,"[' Chinmayi Sripada', ' Rahul Nanda']", Dharmadurai, Vijay Sethupathi, Seenu Ramasamy.,2016
Andipatti,"[' Senthildass', ' Surmukhi']", Dharmadurai, Vijay Sethupathi, Seenu Ramasamy.,2016
Poi Vaada,[' Srimathumitha'], Dharmadurai, Vijay Sethupathi, Seenu Ramasamy.,2016
Makka Kalanguthappa,[' Mathichiyam Bala'], Dharmadurai, Vijay Sethupathi, Seenu Ramasamy.,2016
Naan Kaatrilae,[' Karthick'], Dharmadurai, Vijay Sethupathi, Seenu Ramasamy.,2016
Soppanasundari Remix,[' Premgi'], Chennai 600028 II, Jai, Venkat Prabhu.,2016
Nee Kidaithai,"[' Haricharan', ' Chinmayi']", Chennai 600028 II, Jai, Venkat Prabhu.,2016
Idhu Kadhaiya,"[' Sean Roldon', ' Khareshma Ravichandran']", Chennai 600028 II, Jai, Venkat Prabhu.,2016
House Party,[' Senthil Das'], Chennai 600028 II, Jai, Venkat Prabhu.,2016
The Boys Are Back,"[' Yuvan Shankar Raja', ' Premgi']", Chennai 600028 II, Jai, Venkat Prabhu.,2016
Soppana Sundari,"[' Yuvan Shankar Raja', ' Premgi']", Chennai 600028 II, Jai, Venkat Prabhu.,2016
Therikkudhu Masss,"['Shankar Mahadevan', ' Ranjith', ' Yuvan Shankar Raja']", Masss, Suriya, Venkat Prabhu.,2015
Naan Aval llai,"['Karthik', ' Chinmayi']", Masss, Suriya, Venkat Prabhu.,2015
Poochandi,"['Yuvan Shankar Raja', ' Pooja']", Masss, Suriya, Venkat Prabhu.,2015
Con Man Theme,['Yuvan Shankar Raja'], Masss, Suriya, Venkat Prabhu.,2015
Piravi,['Vaikom Vijayalakshmi'], Masss, Suriya, Venkat Prabhu.,2015
Masss Theme,['Yuvan Shankar Raja'], Masss, Suriya, Venkat Prabhu.,2015
Parapapa Katti,"['Vijay Yesudas', ' Ranjith']", Yatchan, Arya, Vishnuvardhan.,2015
Konjalaai,"['Yuvan Shankar Raja', ' Tanvi Shah']", Yatchan, Arya, Vishnuvardhan.,2015
Kaakka Ponnu,"['Anthony Dasan', ' Priyadharshini', ' Yuvan Shankar Raja']", Yatchan, Arya, Vishnuvardhan.,2015
Innum Enna,['Yuvan Shankar Raja'], Yatchan, Arya, Vishnuvardhan.,2015
Nenjukulla Nee,"['Vijay Prakash', ' Ajeesh', ' Diwakar']", Vadacurry, Jai, Saravana Rajan.,2014
Low Aana Life,"['Anirudh', ' Andrea Jeremiah']", Vadacurry, Jai, Saravana Rajan.,2014
Kelunganne Kelunga,['Gana Bala'], Vadacurry, Jai, Saravana Rajan.,2014
Ullangaiyil Ennai Vaithu,['Siddharth Mahadevan'], Vadacurry, Jai, Saravana Rajan.,2014
Uyirin Maeloru Uyirvandhu,"['Priya Hemesh', ' Sathyan']", Vadacurry, Jai, Saravana Rajan.,2014
Kongunattu Thendralukku,"['Karthik Raja', ' Venkat Prabhu']", Vanavarayan Vallavarayan, Krishna Kulasekaran, Rajmohan.,2014
Tharamele Irundhena,['Yuvan Shankar Raja'], Vanavarayan Vallavarayan, Krishna Kulasekaran, Rajmohan.,2014
Thakkalikku Thavaniye,"['Vijay Yesudas', ' Renu']", Vanavarayan Vallavarayan, Krishna Kulasekaran, Rajmohan.,2014
Viduda Ponnungale Venam,['Mukesh'], Vanavarayan Vallavarayan, Krishna Kulasekaran, Rajmohan.,2014
Vangamma Vangappa,"['Ranjith', ' Sathyan', ' Priya Hemesh', ' Vasudevan']", Vanavarayan Vallavarayan, Krishna Kulasekaran, Rajmohan.,2014
Manasu Enge,['Manicka Vinayagam'], Vanavarayan Vallavarayan, Krishna Kulasekaran, Rajmohan.,2014
Ennodu Va,"['Sathyan', ' Senthil Das', ' Priyadharshini']", Thirudan Police, Attakathi Dinesh, Caarthick Raju.,2014
Moodu Panikkul,"['Naresh Iyer', ' Roshini']", Thirudan Police, Attakathi Dinesh, Caarthick Raju.,2014
Pesadhe,"['Hariharasudhan', ' Pooja']", Thirudan Police, Attakathi Dinesh, Caarthick Raju.,2014
Deivam Enbadhenna (I),['Haricharan'], Thirudan Police, Attakathi Dinesh, Caarthick Raju.,2014
Deivam Enbadhenna (II),['S.P.B.Charan'], Thirudan Police, Attakathi Dinesh, Caarthick Raju.,2014
Bang Bang Bang,['K.G.Ranjith'], Anjaan, Suriya, N.Lingusamy.,2014
Oru Kan Jaadai,"['Benny Dayal', ' Swetha Pandit']", Anjaan, Suriya, N.Lingusamy.,2014
Ek Do Theen,"['Suriya', ' Andrea Jeremiah', 'Yuvan Shankar Raja']", Anjaan, Suriya, N.Lingusamy.,2014
Kadhal Aasai,"['Yuvan Shankar Raja', ' Sooraj Santhosh']", Anjaan, Suriya, N.Lingusamy.,2014
Soda Bottle,"['Yazin', ' Anthony Dasan', ' Sathyan']", Poojai, Vishal, Hari.,2014
Devathai,['Nivas'], Poojai, Vishal, Hari.,2014
Uyire,['Yuvan Shankar Raja'], Poojai, Vishal, Hari.,2014
Odi Odi,['Palakkad Sriram'], Poojai, Vishal, Hari.,2014
Ippadiye,"['Rahul Nambiyar', ' Mili Nair']", Poojai, Vishal, Hari.,2014
Verarum,"['Karthik', ' Pooja']", Poojai, Vishal, Hari.,2014
Vandha Kadha,['Gana Bala'], Vai Raja Vai, Gautham Karthik, Aishwarya R. Dhanush.,2014
Pachai Vanna,['Yuvan Shankar Raja'], Vai Raja Vai, Gautham Karthik, Aishwarya R. Dhanush.,2014
Pookkamal,"['Tanvi Shah', ' Yuvan Shankar Raja']", Vai Raja Vai, Gautham Karthik, Aishwarya R. Dhanush.,2014
Naam Vazhndhidum,"['Hip Hop Thamizha', ' Yuvan Shankar Raja']", Vai Raja Vai, Gautham Karthik, Aishwarya R. Dhanush.,2014
Move Your Body,['Ilaiyaraja'], Vai Raja Vai, Gautham Karthik, Aishwarya R. Dhanush.,2014
uvaana Kattuku,[' Yuvan Shankar Rajah'], Idam Porul Yaeval, Vijay Sethupathi, Seenu Ramasamy.,2016
Eerakkaathae,"[' Anitha', ' Senthi Das']", Idam Porul Yaeval, Vijay Sethupathi, Seenu Ramasamy.,2016
Endha Vazhi,[' Vaikom Vijayalakshmi'], Idam Porul Yaeval, Vijay Sethupathi, Seenu Ramasamy.,2016
Kondaatamae,[' Sriram Parthasarathy'], Idam Porul Yaeval, Vijay Sethupathi, Seenu Ramasamy.,2016
Kurunthogai,"[' Sonia', ' V.V. Prasanna']", Idam Porul Yaeval, Vijay Sethupathi, Seenu Ramasamy.,2016
Vaiyambatti,"[' Priyadarshini', ' Anthony Daasan']", Idam Porul Yaeval, Vijay Sethupathi, Seenu Ramasamy.,2016
Oru Porambokku,"['STR', ' Yuvan Shankar Raja']", Kedi Billa Killadi Ranga, Vimal, Pandiraj.,2012
Konjum Kili,['Velmurugan'], Kedi Billa Killadi Ranga, Vimal, Pandiraj.,2012
Sudasuda Thooral,['Yuvan Shankar Raja'], Kedi Billa Killadi Ranga, Vimal, Pandiraj.,2012
Ulladha Naan,['Sathiyan'], Kedi Billa Killadi Ranga, Vimal, Pandiraj.,2012
Dheivangal Ellaam,['Vijay Yesudas'], Kedi Billa Killadi Ranga, Vimal, Pandiraj.,2012
Thillu Mullu,"['M.S.Vishwanathan', ' Yuvan Shankar Raja', ' Tha Prophecy']", Thillu Mullu 2, Shiva, Badri.,2012
Kaipesi En Kooda,['Ranjith'], Thillu Mullu 2, Shiva, Badri.,2012
Aaja Aaja,"['Haricharan', ' Priya Hemesh']", Thillu Mullu 2, Shiva, Badri.,2012
Raagangal Pathinaru,['Karthik'], Thillu Mullu 2, Shiva, Badri.,2012
Briyani,"['Tanvi Shah', ' Bhavatharini', ' Vilasini']", Biriyani, Karthi, Venkat Prabhu.,2013
Edhirthu Nil,"['G.V.Prakash Kumar', ' Vijay Antony', ' D.Imman', ' S.Thaman']", Biriyani, Karthi, Venkat Prabhu.,2013
Mississippi,"['Karthik', ' Premgi', ' Priya Himesh']", Biriyani, Karthi, Venkat Prabhu.,2013
Nahnh Na Nah,"['Devan Ekambaram', ' Yuvan Shankar Raja']", Biriyani, Karthi, Venkat Prabhu.,2013
Nahnh Na Nah (New Jack Swing Mix),['Yuvan Shankar Raja'], Biriyani, Karthi, Venkat Prabhu.,2013
Nahnh Na Nah (Extended Dance Mix),"['Premgi' , 'Yuvan Shankar Raja']", Biriyani, Karthi, Venkat Prabhu.,2013
Pom Pom Penne,"['Rahul Nambiar', ' Ramya NSK']", Biriyani, Karthi, Venkat Prabhu.,2013
Run For Your Life,"['Psycho Unit', 'Gaana Bala']", Biriyani, Karthi, Venkat Prabhu.,2013
Adadada Aarambame,['Shankar Mahadevan'], Aarambam, Ajith Kumar, Vishnuvardhan.,2013
En Fuse Pochu,"['Karthik', ' N.S.K.Ramya']", Aarambam, Ajith Kumar, Vishnuvardhan.,2013
Hare Rama,"['Tanvi Shah', ' Shakthisri Gopalan']", Aarambam, Ajith Kumar, Vishnuvardhan.,2013
Melala Vedikkudhu,"['Vijay Yesudas', ' K.G.Ranjith', ' Swetha Mohan']", Aarambam, Ajith Kumar, Vishnuvardhan.,2013
Stylish Thamizhachi,"['M.M.Manasi', ' Rubba Bend', ' Psycho Unit']", Aarambam, Ajith Kumar, Vishnuvardhan.,2013
Eisalaamey Eisalaam,"['Manasi Scott', ' Rahul Nambiar']", Aadhi Bhagavan, Jayam Ravi, Ameer Sultan.,2011
Kaatriley Nadanthene,"['Udit Narayanan', ' Shwetha Pandit']", Aadhi Bhagavan, Jayam Ravi, Ameer Sultan.,2011
Yaavum Poithaanaa,['Madhusree'], Aadhi Bhagavan, Jayam Ravi, Ameer Sultan.,2011
Oru Thuli Vishamaai,"['Sharib', ' Shreya Ghoshal']", Aadhi Bhagavan, Jayam Ravi, Ameer Sultan.,2011
Agadam Bagadam,['Mohit Chauhan'], Aadhi Bhagavan, Jayam Ravi, Ameer Sultan.,2011
Alai Paayum,['Udit Narayan'], Aadhalal Kadhal Seiveer, Santosh Ramesh, Suseenthiran.,2012
Mella Sirithal,['Yuvan Shankar Raja'], Aadhalal Kadhal Seiveer, Santosh Ramesh, Suseenthiran.,2012
Poovum Poovum,"['Vijay Yesudas', ' Vinaitha']", Aadhalal Kadhal Seiveer, Santosh Ramesh, Suseenthiran.,2012
Thappu Thanda,"['Javed Ali', ' Bhavatharini']", Aadhalal Kadhal Seiveer, Santosh Ramesh, Suseenthiran.,2012
Aaha Kaadhal Konji Pesudhe,['Nandini Srikar'], Moondru Per Moondru Kaadhal, Arjun, Vasanth.,2012
Kaadhal Enthan Kaadhal,['Neha Bhasin'], Moondru Per Moondru Kaadhal, Arjun, Vasanth.,2012
Mazhai Mazhai,"['Karthik', ' Shweta Mohan']", Moondru Per Moondru Kaadhal, Arjun, Vasanth.,2012
Padapadakkudhu Maname,"['Krish', ' Blaaze']", Moondru Per Moondru Kaadhal, Arjun, Vasanth.,2012
Unakkagave Uyir Vaalgiren,['Yuvan Shankar Raja'], Moondru Per Moondru Kaadhal, Arjun, Vasanth.,2012
Stop The Paatu,['Ramesh Vinayagam'], Moondru Per Moondru Kaadhal, Arjun, Vasanth.,2012
Oru Kannil Vegam,"['K.G.Ranjith', ' Naveen Madhav', ' Suchitra']", Samar, Vishal, Thiru.,2012
Azhago Azhagu,['Naresh Iyer'], Samar, Vishal, Thiru.,2012
Poikkaal Kuthirai,['Yuvan Shankar Raja'], Samar, Vishal, Thiru.,2012
Rajaavin Thottathil,"['K.G.Ranjith ', 'Rita']", Samar, Vishal, Thiru.,2012
Podi Paiyyan Polave,['Haricharan'], Rajapattai, Vikram, Suseenthiran.,2012
Villaathi Villan,"['Mano', ' Malathi']", Rajapattai, Vikram, Suseenthiran.,2012
Paniye Paniye,"['Javed Ali', ' Renuka']", Rajapattai, Vikram, Suseenthiran.,2012
Laddu Laddu Rendu Laddu,"['Vikram', ' Priyadharshini', ' Suchitra']", Rajapattai, Vikram, Suseenthiran.,2012
Podi Paiyyan,['Haricharan'], Rajapattai, Vikram, Suseenthiran.,2012
Vennira Iravugal,['Yuvan Shankar Raja'], Pesu, J. Vignesh, R. Cyril.,2011
En Per Devathai,"['Haricharan', ' Roshini']", Pesu, J. Vignesh, R. Cyril.,2011
Unthan Varthaiyil,"['Krish', ' Rajalakshmy']", Pesu, J. Vignesh, R. Cyril.,2011
Ithayam Pesuthey,"['Rahul Nambiar', ' Rita']", Pesu, J. Vignesh, R. Cyril.,2011
Evan Di Unna Pethan,"['STR', ' Yuvan Shankar Raja']", Vaanam, Silambarasan, Krish.,2010
Cable Raja,"['Abhishek', 'Lawrence']", Vaanam, Silambarasan, Krish.,2010
Who Am I,['Benny Dayal'], Vaanam,Silambarasan, Krish.,2010
No Money No Honey,"['STR', ' Andrea Jeremiah' , 'Srikanth Deva']", Vaanam,Silambarasan, Krish.,2010
Vaanam,['Yuvan Shankar Raja'], Vaanam,Silambarasan, Krish.,2010
Rasathi Pola,['Haricharan'], Avan Ivan, Arya, Bala.,2011
Dia Dia Dole,['Suchithra'], Avan Ivan, Arya, Bala.,2011
Oru Malayoram,"['Vijay Yesudas', ' Baby Priyanka', ' Baby Srinisa', 'Baby Nithyasree']", Avan Ivan, Arya, Bala.,2011
Mudhal Murai,['Vijay Prakash'], Avan Ivan, Arya, Bala.,2011
Avanapathi,"['T.L.Maharajan', ' Sathyan']", Avan Ivan, Arya, Bala.,2011
Adi Kavakara Kiliye,"['Sathyan', ' Yuvan Shankar Raja']", Avan Ivan, Arya, Bala.,2011
Vilaiyaadu Mankatha,"['Yuvan Shankar Raja', ' Ranjith', ' Sucharita', ' Premgi', ' Anita']", Mankatha, Ajith Kumar, Venkat Prabhu.,2011
Nee Naan,"['SPB. Charan', ' Bhavatharani']", Mankatha, Ajith Kumar, Venkat Prabhu.,2011
Vaada Bin Laada,"['Krish', ' Suchitra']", Mankatha, Ajith Kumar, Venkat Prabhu.,2011
Machi Open The Bottle,"['Mano', ' Premgi', 'Tippu', ' Haricharan', ' Naveen']", Mankatha, Ajith Kumar, Venkat Prabhu.,2011
Nanbane,"['Madhusree', ' Yuvan Shankar Raja']", Mankatha, Ajith Kumar, Venkat Prabhu.,2011
Balle Lakka,"['Karthik', ' Vijay Yesudas', ' Anusha Dhayanidhi']", Mankatha, Ajith Kumar, Venkat Prabhu.,2011
Mankatha Theme Music,['Instrumental'], Mankatha, Ajith Kumar, Venkat Prabhu.,2011
Aambalaikum Pombalaikum,"['Krishnaraj', ' Velmurugan', ' Sathyan']", Kazhugu, Krishna, Sathyasiva.,2011
Aathadi Manasudhan,['Priya'], Kazhugu, Krishna, Sathyasiva.,2011
Paathagathi Kannupattu,['Yuvan Shankar Raja'], Kazhugu, Krishna, Sathyasiva.,2011
Vaadi Vaadi,"['Pushpavanam Kuppuswamy', ' Suvi Suresh', ' Anitha']", Kazhugu, Krishna, Sathyasiva.,2011
Pa Pappa Pappa Pappa,"['Yuvan Shankar Raja', ' Renu']", Vettai, Madhavan, N.Lingusamy.,2011
Dham Dham Dham,"['Karthik', ' Krish']", Vettai, Madhavan, N.Lingusamy.,2011
Kattipidi Enna,"['Vijay Prakash', ' Shwetha Pandit']", Vettai, Madhavan, N.Lingusamy.,2011
Thaiyath Thakka,"['Harini', ' Saindhavi']", Vettai, Madhavan, N.Lingusamy.,2011
Ada Da En Meethu,"['Bela Shende', ' Hariharan']", Pathinaaru, Shiva, Sabapathy Dekshinamurthy.,2011
Yaar Solli Kadhal,['Yuvan Shankar Raja'], Pathinaaru, Shiva, Sabapathy Dekshinamurthy.,2011
Kaattu Chedikku,['Karthik Raja'], Pathinaaru, Shiva, Sabapathy Dekshinamurthy.,2011
Vaanam Namadhe,['Shankar Mahadevan'], Pathinaaru, Shiva, Sabapathy Dekshinamurthy.,2011
 Varai,"[' Ajeesh', ' Andrea Jeremiah']", Goa, Jai, Venkat Prabhu.,2010
Yeleu Thalamuraikkum,"[' Karthik Raaja', ' Venkat Prabhu', ' Bhavatharini', ' Premgi' , 'Yuvan Shankar Raja']", Goa, Jai, Venkat Prabhu.,2010
Ooru Nalla Ooru,[' Ilaiyaraaja'], Goa, Jai, Venkat Prabhu.,2010
Adida! Nayaandiya,"[' S.P.B. Charan' , ' Yugendran Vasudeva Nair']", Goa, Jai, Venkat Prabhu.,2010
Goa Goa,"[' Krish', ' Ranjith', ' Thanvi', ' Suchitra', ' Chynk Showtyme', 'Pav Bundy']", Goa, Jai, Venkat Prabhu.,2010
Idhu Varai,"[' Ajeesh' , 'Andrea Jeremiah']", Goa, Jai, Venkat Prabhu.,2010
Vaaliba Vaa Vaa,"[' Ilaiyaraaja', ' S.P.Balasubrahmanyam',  'K.S.Chitra']", Goa, Jai, Venkat Prabhu.,2010
Kaadal Endral,[' Yuvan Shankar Raja'], Goa, Jai, Venkat Prabhu.,2010
Idaivazhi Oru,"[' Benny Dayal', 'Mamtha Mohandas']", Goa, Jai, Venkat Prabhu.,2010
Goa (Club-Mix),[' Yuvan Shankar Raja'], Goa, Jai, Venkat Prabhu.,2010
En Nenjil Oru,['Sadhana Sargam'], Baana Kaathadi, Adharvaa, Badri Venkatesh.,2010
Kuppathu Rajakkal,"['Haricharan', ' Rahul Nambiar', ' Sathyan']", Baana Kaathadi, Adharvaa, Badri Venkatesh.,2010
Paithiyam Pidikudhu,['Karthik'], Baana Kaathadi, Adharvaa, Badri Venkatesh.,2010
Thaakkuthe Kan Thaakkuthe,['Yuvan Shankar Raja'], Baana Kaathadi, Adharvaa, Badri Venkatesh.,2010
Anbulla Sandhya,['Karthik'], Kaadhal Solla Vandhen, Balaji Balakrishan, Boopathy Pandian.,2010
Enna Enna Aagiraen,['Vijay Yesudas'], Kaadhal Solla Vandhen, Balaji Balakrishan, Boopathy Pandian.,2010
Oh Shala,['Yuvan Shankar Raja'], Kaadhal Solla Vandhen, Balaji Balakrishan, Boopathy Pandian.,2010
Oru Vaanavillin Pakkathilae,['Udit Narayan'], Kaadhal Solla Vandhen, Balaji Balakrishan, Boopathy Pandian.,2010
Saami Varuguthu,['Chidambaram Sivakumar Poosari'], Kaadhal Solla Vandhen, Balaji Balakrishan, Boopathy Pandian.,2010
Ding Ding,"['Vijay Prakash', ' Naveen']", Thillalangadi, Jayam Ravi, M. Raja.,2010
Sol Pechu,"['Yuvan Shankar Raja', ' K. S. Chitra', ' Shreya Ghoshal']", Thillalangadi, Jayam Ravi, M. Raja.,2010
Pootta Paathadhum,['Suchitra'], Thillalangadi, Jayam Ravi, M. Raja.,2010
Memory Loss,"['Kailash Kher', ' Ranjith']", Thillalangadi, Jayam Ravi, M. Raja.,2010
Pattu Pattu,"['STR', ' Manasi Scott']", Thillalangadi, Jayam Ravi, M. Raja.,2010
Idhayam Karaikirathe,['Sri Vardhini'], Thillalangadi, Jayam Ravi, M. Raja.,2010
Thothu Ponen,['Shankar Mahadevan'], Thillalangadi, Jayam Ravi, M. Raja.,2010
Sol Pechu Ketkadha,"['Yuvan Shankar Raja', ' K. S. Chitra', ' Shreya Ghoshal']", Thillalangadi, Jayam Ravi, M. Raja.,2010
Va Va Nilava Pudichi,['Rahul Nambiar'], Naan Mahan Alla, Karthi, Suseenthiran.,2010
Iragai Pole,"['Yuvan Shankar Raja', ' Tanvi Shah']", Naan Mahan Alla, Karthi, Suseenthiran.,2010
Oru Maalai Neram,"['Javed Ali', ' Shilpa Rao']", Naan Mahan Alla, Karthi, Suseenthiran.,2010
Theivam Illai,['Madhu Balakrishnan'], Naan Mahan Alla, Karthi, Suseenthiran.,2010
Va Va Nilava Pudichi II,['Rahul Nambiar'], Naan Mahan Alla, Karthi, Suseenthiran.,2010
Yaar Intha Penthan,['Haricharan'], Boss Engira Baskaran, Arya, M. Rajesh.,2010
Iyley Iyley,['Vijay Prakash'], Boss Engira Baskaran, Arya, M. Rajesh.,2010
Mama Mama,"['Vijay Yesudas', ' Shweta Mohan']", Boss Engira Baskaran, Arya, M. Rajesh.,2010
Thathi Thaavum Paper Naan,['Karthik'], Boss Engira Baskaran, Arya, M. Rajesh.,2010
Ada Boss Boss,['Sathyan'], Boss Engira Baskaran, Arya, M. Rajesh.,2010
Chinnan Sirisu,"['Javid Ali', ' Bela Shende']", Kunguma Poovum Konjum Puravum, Ramakrishna, Rajmohan.,2009
Kadaloram,['S.P.B. Charan'], Kunguma Poovum Konjum Puravum, Ramakrishna, Rajmohan.,2009
Kadaloram,['Yuvan Shankar Raja'], Kunguma Poovum Konjum Puravum, Ramakrishna, Rajmohan.,2009
Muttathu Pakkathil,['Venkat Prabhu'], Kunguma Poovum Konjum Puravum, Ramakrishna, Rajmohan.,2009
Na Dharmanda,['S.P.Balasubrahmanyam'], Kunguma Poovum Konjum Puravum, Ramakrishna, Rajmohan.,2009
Orunimisham,['Velmurugan'], Kunguma Poovum Konjum Puravum, Ramakrishna, Rajmohan.,2009
MGR Ilenga Nambiar Ilenga,"['Haricharan', ' Chorus']", Siva Manasula Sakthi (SMS), Jeeva, M. Rajesh.,2009
Oru Adangapidari,"['Shankar Mahadevan', 'Shweta Mohan']", Siva Manasula Sakthi (SMS), Jeeva, M. Rajesh.,2009
Eppadio Maatikiten,"['Clinton', 'Nruthya']", Siva Manasula Sakthi (SMS), Jeeva, M. Rajesh.,2009
Oru Kal,['Remix'], Siva Manasula Sakthi (SMS), Jeeva, M. Rajesh.,2009
Oru Kal,['Yuvan Shankar Raja'], Siva Manasula Sakthi (SMS), Jeeva, M. Rajesh.,2009
Oru Paarvaiyil,['Ranjith'], Siva Manasula Sakthi (SMS), Jeeva, M. Rajesh.,2009
Thithikum Theeai,"['Kay Kay' , 'Shweta Mohan']", Siva Manasula Sakthi (SMS), Jeeva, M. Rajesh.,2009
Adada Vaa,"['Ilaiyaraaja', ' Suvi', ' Andrea Jeremiah']", Sarvam, Arya, Vishnuvardhan.,2009
Neethane,['Yuvan Shankar Raja'], Sarvam, Arya, Vishnuvardhan.,2009
Sutta Suriyane,['Vijay Yesudas'], Sarvam, Arya, Vishnuvardhan.,2009
Kaatrukullae,['Yuvan Shankar Raja'], Sarvam, Arya, Vishnuvardhan.,2009
Siragugal,"['Javed Ali', ' Madhushree']", Sarvam, Arya, Vishnuvardhan.,2009
Theme Music,['Yuvan Shankar Raja'], Sarvam, Arya, Vishnuvardhan.,2009
Aedho Saigirai,"['Javid Ali ', ' Sowmya']", Vaamanan, Jai, Ahmed.,2009
Enga Povadhu,['Vijay Jesudas'], Vaamanan, Jai, Ahmed.,2009
Iravaipidithu,['Money Money'], Vaamanan, Jai, Ahmed.,2009
Lucky Star,"['Lucky Star', ' Blaaze', ' Suvi']", Vaamanan, Jai, Ahmed.,2009
Oru Devadhai,['Roopkumar Radhod'], Vaamanan, Jai, Ahmed.,2009
Azhagana Neeyum,"['Naresh Iyer', ' Manjari Fadnis']", Muthirai, Nithin Sathya, Srinath.,2009
July Madhathil,"['Mohammed Aslam', ' Rahul Nambiar', ' Tanvi Shah', ' Priya']", Muthirai, Nithin Sathya, Srinath.,2009
Nenjukkulla,['Shweta Mohan'], Muthirai, Nithin Sathya, Srinath.,2009
Night,"['Krish', ' Benny Dayal', ' Priya']", Muthirai, Nithin Sathya, Srinath.,2009
Night (Remix),"['Krish', ' Benny Dayal', ' Priya']", Muthirai, Nithin Sathya, Srinath.,2009
Om Shanthi Om,['Neha Bhasin'], Muthirai, Nithin Sathya, Srinath.,2009
Om Shanthi Om (Remix),['Neha Bhasin'], Muthirai, Nithin Sathya, Srinath.,2009
Uyire Uyire,['Neha Bhasun'], Muthirai, Nithin Sathya, Srinath.,2009
Yogi Yogi Thaan,"['Blaze' , 'Neha Bhasin']", Yogi, Ammer, Subramaniyashiva.,2009
Yaarodu Yaaro,"['Yuvan Shankar Raja', 'Ustad Sultankhan']", Yogi, Ammer, Subramaniyashiva.,2009
Yogi Theme In Saarangi,['Ustad Sultankhan'], Yogi, Ammer, Subramaniyashiva.,2009
Yogi Yogi Thaan Version II,"['Blaze' , 'Neha Bhasin']", Yogi, Ammer, Subramaniyashiva.,2009
Seermevum Koovathiley,"['Ameer', ' Naveen', ' Snehan', 'Jijuba']", Yogi, Ammer, Subramaniyashiva.,2009
Yogi Theme Music,['Instruments'], Yogi, Ammer, Subramaniyashiva.,2009
Yedho Ondru Ennai,['Yuvan Shankar Raja'], Paiya, Karthi, N.Lingusamy.,2009
Thuli Thuli Mazhaiyaai,"['Haricharan' , 'Tanvi']", Paiya, Karthi, N.Lingusamy.,2009
Poongatre Poongarte,['Benny Dayal'], Paiya, Karthi, N.Lingusamy.,2009
Adada Mazhaida,"['Rahul Nambiar' , 'Saindhavi']", Paiya, Karthi, N.Lingusamy.,2009
En Kadhal Solla,"['Yuvan Shankar Raja', 'Tanvi']", Paiya, Karthi, N.Lingusamy.,2009
Suthuthe Suthuthe Bhoomi,"['Karthik', 'Sunitha Sarathy']", Paiya, Karthi, N.Lingusamy.,2009
Yedho Ondru Ennai,['Yuvan Shankar Raja'], Paiya, Karthi, N.Lingusamy.,2009
Aaja Meri Soniye,"['Vijay Yesudas', ' S. P. B. Charan', ' Premgi']", Saroja, Shiva, Venkat Prabhu.,2008
Kodana Kodi,"['Ranina Reddy', ' Suvi Suresh', ' Rahul Nambiar']", Saroja, Shiva, Venkat Prabhu.,2008
Dosth Bada Dosth,"['Haricharan', ' Naveen', ' Rahul Nambiar']", Saroja, Shiva, Venkat Prabhu.,2008
Cheeky Cheeky,"['Yuvan Shankar Raja', ' Matilda', ' Nrithya']", Saroja, Shiva, Venkat Prabhu.,2008
Nimirnthu Nil,['Shankar Mahadevan'], Saroja, Shiva, Venkat Prabhu.,2008
Hey Salaa,"['Blaaze', ' Naresh Iyer', ' Mohammed Aslam']", Aegan, Ajith Kumar, Raju Sundaram.,2008
Yahoo Yahoo,"['Suvi Suresh', ' Ujayinee', ' Sathyan', ' Ranjith',  'Naveen']", Aegan, Ajith Kumar, Raju Sundaram.,2008
Hey Baby,['Shankar Mahadevan'], Aegan, Ajith Kumar, Raju Sundaram.,2008
Odum Varayil,"['Kay Kay', ' Bela Shende']", Aegan, Ajith Kumar, Raju Sundaram.,2008
Kichu Kichu,"['Vasundhara Das', ' Yuvan Shankar Raja']", Aegan, Ajith Kumar, Raju Sundaram.,2008
Hey Salaa (Repeat),"['Blaaze', ' Naresh Iyer', ' Mohammed Aslam']", Aegan, Ajith Kumar, Raju Sundaram.,2008
Tamizhanna Naan Oru,['Shankar Mahadevan'], Silambattam, Silambarasan, S. Saravanan.,2008
Nalamdhana,"['STR', ' Earl DSouza', ' Suzanne DMello']", Silambattam, Silambarasan, S. Saravanan.,2008
Machaan Machaan,"['Ilaiyaraaja', ' Bela Shende']", Silambattam, Silambarasan, S. Saravanan.,2008
Vechikkava (Remix),"['STR', ' Suchitra']", Silambattam, Silambarasan, S. Saravanan.,2008
Where Is The Party,"['Mukesh', ' Priyadarshini']", Silambattam, Silambarasan, S. Saravanan.,2008
Chinna Chinna Kanavugal,['Shweta Mohan'], Vaazhthugal, Madhavan, Seeman.,2007
Enthan Vaanamum Neethan,"['Haricharan', 'Mahathi']", Vaazhthugal, Madhavan, Seeman.,2007
Enthan Vaanamum Neethan,"['Rahul Nambiar', 'Rajalakshmi']", Vaazhthugal, Madhavan, Seeman.,2007
Kannil Vanthathum Needhan,['Haricharan'], Vaazhthugal, Madhavan, Seeman.,2007
Muzhumai Nilla,['Sriram Parthasarathy'], Vaazhthugal, Madhavan, Seeman.,2007
Pookkal Rasithathu,['Haricharan'], Vaazhthugal, Madhavan, Seeman.,2007
Dhol Baaje,"['Kay Kay', ' Shweta Menon']", Deepavali, Jayam Ravi, Ezhil.,2007
Kadhal Vaithu,['Vijay Yesudas'], Deepavali, Jayam Ravi, Ezhil.,2007
Kannan Varum Velai,"['Madhushree', ' Anuradha Sriram']", Deepavali, Jayam Ravi, Ezhil.,2007
Pogathey Pogathe,['Yuvan Shankar Raja'], Deepavali, Jayam Ravi, Ezhil.,2007
Thoduven Thoduven,"['Haricharan', ' Maya']", Deepavali, Jayam Ravi, Ezhil.,2007
Natpukullae Oru,['Yuvan Shankar Raja'], Chennai 600028 , Jai, Venkat Prabhu.,2007
Saroja Saman Nikalo,"['Shankar Mahadevan', ' PremjI']", Chennai 600028 , Jai, Venkat Prabhu.,2007
Oh Oh Ennammo,['Anushka Manchanda'], Chennai 600028 , Jai, Venkat Prabhu.,2007
Un Paarvai Mele Pattal,['Vijay Yesudas'], Chennai 600028 , Jai, Venkat Prabhu.,2007
Jalsa (Remix),"['Sabesh', ' Gana Ulaganathan', ' Gana Pazhani', ' Karunas', ' Premji']", Chennai 600028 , Jai, Venkat Prabhu.,2007
Jalsa Pannungada,"['Ranjith', ' Tippu', ' Premji Amaran', ' Haricharan', ' Karthik']", Chennai 600028 , Jai, Venkat Prabhu.,2007
Ulla Vaa (World Cupa Jaikaporom ),"['Yuvan Shankar Raja', ' Yogi B', ' DJ Funky Sathiya', ' SILVEstar']", Chennai 600028, Jai, Venkat Prabhu.,2007
Yaaro (Friendship),"['S. P. B. Charan', ' Venkat Prabhu']", Chennai 600028 , Jai, Venkat Prabhu.,2007
Yaaro Yarukkul Ingu Yaaro (Love),"['S. P. Balasubramanyam', 'K. S. Chithra']", Chennai 600028, Jai, Venkat Prabhu.,2007
Engeyo Partha,['Udit Narayan'], Yaaradi Nee Mohini, Dhanush, Mithran R Jawahar.,2008
Oh Baby Oh Baby,"['Haricharan', ' Naveen', ' Andrea Jeremiah', ' Bhargavi']", Yaaradi Nee Mohini, Dhanush, Mithran R Jawahar.,2008
Oru Naalaikkul,"['Karthik', ' Rita']", Yaaradi Nee Mohini, Dhanush, Mithran R Jawahar.,2008
Venmegam Pennaga,['Hariharan'], Yaaradi Nee Mohini, Dhanush, Mithran R Jawahar.,2008
Nenjai Kasaki,"['Udit Narayan', ' Suchitra']", Yaaradi Nee Mohini, Dhanush, Mithran R Jawahar.,2008
Penne Ennai Kodu,"['Karthik', ' Chrous']", Yaaradi Nee Mohini, Dhanush, Mithran R Jawahar.,2008
The Person Is The Loser,['Yuvan Shankar Raja'], Yaaradi Nee Mohini, Dhanush, Mithran R Jawahar.,2008
Chikku Bukku (Alibaba),"['Karthik', ' Priya']", Parattai Engira Azhagu Sundaram, Dhanush, Suresh Krishna.,2007
Engeda Azhagu Unthan,"['Tippu', ' Reeta']", Parattai Engira Azhagu Sundaram, Dhanush, Suresh Krishna.,2007
Nee Rasthali Palam,"['Chandran', ' J.K.V.Roshni']", Parattai Engira Azhagu Sundaram, Dhanush, Suresh Krishna.,2007
Aaru Padai Veedu,"['S. P. Balasubrahmanyam', ' Chorus']", Parattai Engira Azhagu Sundaram, Dhanush, Suresh Krishna.,2007
Adithadi Adithadi,"['Chandran', ' Vijay Yesudas']", Parattai Engira Azhagu Sundaram, Dhanush, Suresh Krishna.,2007
O Indha Kaadhal,"['Adnan Sami', ' Yuvan Shankar Raja']", Satham Podathey, Prithviraj, Vasanth.,2007
Pesugiren Pesugiren,['Neha Bhasin'], Satham Podathey, Prithviraj, Vasanth.,2007
Azhagu Kutti Chellam,['Shankar Mahadevan'], Satham Podathey, Prithviraj, Vasanth.,2007
Entha Kuthirayil,"['Shreya Ghoshal', ' Rahul Nambiar']", Satham Podathey, Prithviraj, Vasanth.,2007
Arabu Naade,"['Haricharan' , 'Yuvan Shankar Raja']", Thottal Poo Malarum, Sakthi, P. Vasu.,2007
Ennai Pidicha,"['Haricharan', 'Binny Krishna Kumar']", Thottal Poo Malarum, Sakthi, P. Vasu.,2007
Kadatharen Naan Unnai,"['Rahul Nambiar', ' Saindhavi']", Thottal Poo Malarum, Sakthi, P. Vasu.,2007
Vaadi Vambu Pennae,['Sujatha'], Thottal Poo Malarum, Sakthi, P. Vasu.,2007
Valaiyal Karangalai,['Vijay Yesudas'], Thottal Poo Malarum, Sakthi, P. Vasu.,2007
Kannamoochi Attam Adithan,"['Palakkad Sriram', ' Saindhavi', ' Prasanna', ' Dr.Narayanan']", Kannamoochi Yenada, Prithviraj, V. Priya.,2007
Megam Megam,"['Haricharan', ' Shweta Mohan']", Kannamoochi Yenada, Prithviraj, V. Priya.,2007
Sanjaram Seiyum,"['Shankar Mahadevan', ' Madhushree']", Kannamoochi Yenada, Prithviraj, V. Priya.,2007
Andru Vanthathum,"['Shankar Mahadevan', ' Haricharan', ' Shweta Mohan']", Kannamoochi Yenada, Prithviraj, V. Priya.,2007
Innum Oru Iravu,['Yuvan Shankar Raja'], Kattradhu Thamizh (Tamil MA), Jeeva, Ram.,2007
Para Para Pattaampoochi,['Rahul Nambiar'], Kattradhu Thamizh (Tamil MA), Jeeva, Ram.,2007
Paravaye Engu Irukirai,['Ilaiyaraaja'], Kattradhu Thamizh (Tamil MA), Jeeva, Ram.,2007
Unakagathanae Intha,['Yuvan Shankar Raja'], Kattradhu Thamizh (Tamil MA), Jeeva, Ram.,2007
Aayiram Jannal Veedu,"['Rahul Nambiar', ' Vadivelu', ' Premji']", Vel, Suriya, Hari.,2007
Indha Ooril Eppothum,['Shankar Mahadevan'], Vel, Suriya, Hari.,2007
Kovakkara Kiliye,"['Tippu', ' Sujatha']", Vel, Suriya, Hari.,2007
Onnapola,"['Shankar Mahadevan', ' Srilekha Parthasarathy']", Vel, Suriya, Hari.,2007
Otraikannale,"['Haricharan', ' Suchitra']", Vel, Suriya, Hari.,2007
My Name is Billa,"['Naveen', ' Kay Kay']", Billa, Ajith Kumar, Vishnuvardhan.,2007
Naan Meendum Naanaga,['Deepika'], Billa, Ajith Kumar, Vishnuvardhan.,2007
Sei Ethavathu Sei,"['Neha Bhasin', ' Preethi Balla']", Billa, Ajith Kumar, Vishnuvardhan.,2007
Billa Theme Music -Yuvan Shankar Raja,0, Billa, Ajith Kumar, Vishnuvardhan.,2007
Vethalaiyai Pottendi,['Shankar Mahadevan'], Billa, Ajith Kumar, Vishnuvardhan.,2007
Seval Kodi,['Vijay Yesudas'], Billa, Ajith Kumar, Vishnuvardhan.,2007
Ariyadha Vayasu,['Ilaiyaraaja'], Paruthiveeran, Karthi, Ameer Sultan.,2007
Iayyayo,"['Manikka Vinayagam', ' Krishnaraj', ' Shreya Ghosal', ' Yuvan Shankar Raja']", Paruthiveeran, Karthi, Ameer Sultan.,2007
Sari Kama Pathan,"['Madhumitha', ' Madurai S. Saroja', ' Amir']", Paruthiveeran, Karthi, Ameer Sultan.,2007
Tanka Dunga,"['Pandi', ' Lakshimi', ' Raja', ' Saroja', ' Kala']", Paruthiveeran, Karthi, Ameer Sultan.,2007
Nathaswaram Bit,['S. R. Shanmuga Sundaram Group'], Paruthiveeran, Karthi, Ameer Sultan.,2007
Kattabomman Oorenakku,"['Vijay Yesudas', 'Chorus']", Thaamirabharani, Vishal, Hari.,2007
Thaaliyae Thevaiyillai,"['Hariharan', 'Bhavatharani']", Thaamirabharani, Vishal, Hari.,2007
Karuppaana Kaiyale,"['Ranjith', ' Roshini' , 'Chorus']", Thaamirabharani, Vishal, Hari.,2007
Vaartha Onnu,['K.K'], Thaamirabharani, Vishal, Hari.,2007
Namma Melam Edutha Song,[' Vijay Yesudas'], Pattiyal, Arya, Vishnuvardhan.,2006
Kannai Vittu Kann Imaigal (Remix) Song,"[' Yuvan Shankar Raja', ' Premji']", Pattiyal, Arya, Vishnuvardhan.,2006
Kannai Vittu Kann Imaigal Song,[' Yuvan Shankar Raja'], Pattiyal, Arya, Vishnuvardhan.,2006
Namma Kattula Mazhai Peiyuthu Song,"['Ilaiyaraaja', ' Roshini']", Pattiyal, Arya, Vishnuvardhan.,2006
Poga Poga Boomi Virikirathe Song,"[' Haricharan', ' Vijay Yesuda', ' Saindhavi', ' Harini Sudhakar']", Pattiyal, Arya, Vishnuvardhan.,2006
Yedhedo Ennangal Vandhu Song,"[' Yuvan Shakar Raja', ' Shwetha']", Pattiyal, Arya, Vishnuvardhan.,2006
01. Elaiudhir Kaalam,"['Bhavadharani', ' Babi', ' Reeta', ' Reshmi', ' Ranjith']", Azhagai Irukkirai Bayamai Irukkirathu, Bharath, Vijay Milton.,2006
Kadhalai,"['Bharath', ' Devan', ' Premji']", Azhagai Irukkirai Bayamai Irukkirathu, Bharath, Vijay Milton.,2006
Kanavae,"['Yuvan Shankar Raja', ' Bhavatharani']", Azhagai Irukkirai Bayamai Irukkirathu, Bharath, Vijay Milton.,2006
Odivaa Kadhale,"['Karthik', ' Yuvan Shankar Raja']", Azhagai Irukkirai Bayamai Irukkirathu, Bharath, Vijay Milton.,2006
Podu Attam Podu,['Vijay Yesudas'], Vallavan, Silambarasan, Silambarasan.,2006
Loosu Penne (Remix),"['STR' , 'Premji']", Vallavan, Silambarasan, Silambarasan.,2006
He Knows What To Do,['Tanvi Shah'], Vallavan, Silambarasan, Silambarasan.,2006
Hooray Hooray,"['Sunitha Sarathy', ' Nagul', ' Ranjith', ' Karthik']", Vallavan, Silambarasan, Silambarasan.,2006
Kadhal Vandhale,['Yuvan Shankar Raja'], Vallavan, Silambarasan, Silambarasan.,2006
Vallava Ennai Vellava,['Sunidhi Chauhan'], Vallavan, Silambarasan, Silambarasan.,2006
Kadhal Vanthiruchi,"['STR' , 'Premji']", Vallavan, Silambarasan, Silambarasan.,2006
Loosu Penne,"['Silambarasan', ' Blaaze']", Vallavan, Silambarasan, Silambarasan.,2006
Yammaadi Ammadi Athadi,"['T.Rajendar', ' Suchitra', ' Silambarasan', ' Mahathi']", Vallavan, Silambarasan, Silambarasan.,2006
Aadhiivasi Naane Song,"[' Ranjith', 'Shreya Goshal']", Kedi (KD), Ravi Krishna, Jyothi Krishna.,2006
Antha Vaanam Pola Song,"[' Karthik', 'Chinmayi']", Kedi (KD), Ravi Krishna, Jyothi Krishna.,2006
Chumma Chumma Song,[' Sunitha Sarathi'], Kedi (KD), Ravi Krishna, Jyothi Krishna.,2006
College Life Da Song,[' Sabesh'], Kedi (KD), Ravi Krishna, Jyothi Krishna.,2006
College Life Song,[' Sabesh'], Kedi (KD), Ravi Krishna, Jyothi Krishna.,2006
Kedi Paiya Song,"[' Udith Narayanan' , 'Shreya Goshal']", Kedi (KD), Ravi Krishna, Jyothi Krishna.,2006
Kungama Poovae Song,"[' Ranjith' , ' Chinmayi']", Kedi (KD), Ravi Krishna, Jyothi Krishna.,2006
Kungumam Kalainthathe Song,[' Unnikrishnan'], Kedi (KD), Ravi Krishna, Jyothi Krishna.,2006
Unna Petha Aathaa Song,"[' Jesee Gift' , 'Suchitra']", Kedi (KD), Ravi Krishna, Jyothi Krishna.,2006
01. Kattikko Rappa Rappa,"['Kunal Ganjawala', ' Shreya Ghoshal']", Thimiru, Vishal, Tarun Gopi.,2006
Maana Madurai,['Shankar Mahadevan'], Thimiru, Vishal, Tarun Gopi.,2006
Mani Mani,['Anushka Manchanda'], Thimiru, Vishal, Tarun Gopi.,2006
Oppurane Oppurane,['Gangai Amaran'], Thimiru, Vishal, Tarun Gopi.,2006
Theme Music,['Instrumental'], Thimiru, Vishal, Tarun Gopi.,2006
riraro,[' K.J.Jesudass'], Raam, Jeeva, Ameer Sultan.,2005
Boom Boom,"[' Yuvan Shankar Raja', ' Jyotsna', ' Premji', ' Tippu']", Raam, Jeeva, Ameer Sultan.,2005
Manithan Solkindra,"[' K.J.Jesudass', ' Vijay Jesudass', ' Ranjith']", Raam, Jeeva, Ameer Sultan.,2005
Nizhalinai Nijamum,"[' Vijay Jesudass', ' Yuvan Shankar Raja']", Raam, Jeeva, Ameer Sultan.,2005
Vidikindra Pozhuthu,[' Madhumitha'], Raam, Jeeva, Ameer Sultan.,2005
Yaaro Arivaal,[' Madhu Balakrishnan'], Raam, Jeeva, Ameer Sultan.,2005
Theepidika Theepidika,"[' Anushka Manchanda' , 'Premgi']", Arinthum Ariyamalum, Arya, Vishnuvardhan.,2005
Konjam Konjam,"[' Mouwa Gamat' , 'Chorus']", Arinthum Ariyamalum, Arya, Vishnuvardhan.,2005
Yela Yela,"[' Ranjith', 'Sujatha']", Arinthum Ariyamalum, Arya, Vishnuvardhan.,2005
Sil Sil Mazhaiye,"[' Sathyan', ' Chinmayi', 'Chorus']", Arinthum Ariyamalum, Arya, Vishnuvardhan.,2005
Yen Kannodu,"[' Yuvan Shankar Raja' , 'Neeti Mohan']", Arinthum Ariyamalum, Arya, Vishnuvardhan.,2005
Vaa Vaa,"[' Shankar Mahadevan', ' Mahalakshmi Iyer']", Daas, Jayam Ravi, Babu Yogeswaran.,2005
Sakka Podu Pottane,"[' KK', ' Sadhana Sargam']", Daas, Jayam Ravi, Babu Yogeswaran.,2005
Shaheeba Shaheeba,"[' Hariharan', ' Sujatha']", Daas, Jayam Ravi, Babu Yogeswaran.,2005
Saami Kittay ,"['Hariharan', 'Shreya Ghoshal']", Daas, Jayam Ravi, Babu Yogeswaran.,2005
Nee Enthan,['Karthik'], Daas, Jayam Ravi, Babu Yogeswaran.,2005
Ennoda Raasi ,['Venkat Prabhu'], Daas, Jayam Ravi, Babu Yogeswaran.,2005
Acchu Vellam Karumbe,"[' Ranjith', ' Saindhavi', ' Shankar Mahadevan']", Thotti Jaya,  Silambarasan, Durai.,2005
Theme Music,[' Instruments By Harris Jayaraj'], Thotti Jaya, Silambarasan, Durai.,2005
Thotta Poweru Da,[' Shankar Mahadevan'], Thotti Jaya, Silambarasan, Durai.,2005
Uyire En Uyire,"[' Karthik', ' Anuradha Sriram', ' Bombay Jayashri']", Thotti Jaya, Silambarasan, Durai.,2005
Yaari Singaari,"[' Karthik', ' Srilekha Parthasarathy', ' Sriram', ' Ceylon Manohar']", Thotti Jaya, Silambarasan, Durai.,2005
Yaaridamum Thondravillai,"[' Harini', ' Ramesh Vinayagam']", Thotti Jaya, Silambarasan, Durai.,2005
Indha Ooru,[' Mathangi'], Thotti Jaya, Silambarasan, Durai.,2005
Geetha Mala,"[' Devan Ranjith', ' Sundarajan', ' Chorus']", Oru Kalluriyin Kathai, Arya, Nandha Periyasamy.,2005
Pangu Podu,"[' K.K', ' Ranjith']", Oru Kalluriyin Kathai, Arya, Nandha Periyasamy.,2005
Unakku Yendru Oruthi,"[' Unnimenon', ' Chorus']", Oru Kalluriyin Kathai, Arya, Nandha Periyasamy.,2005
Kangal Kalangida,[' Karthik'], Oru Kalluriyin Kathai, Arya, Nandha Periyasamy.,2005
Kadhal Yenbathu,"[' Harish Ragavendra', ' Chinmayi']", Oru Kalluriyin Kathai, Arya, Nandha Periyasamy.,2005
Kangal Kandathu,"[' K.K', ' Sujatha']", Oru Kalluriyin Kathai, Arya, Nandha Periyasamy.,2005
Kangal Kandathu Kangal,"[' Ranjith', ' Ganga']", Oru Kalluriyin Kathai, Arya, Nandha Periyasamy.,2005
Dalappa Kattuda,"[' Sriram', ' Chorus']", Oru Kalluriyin Kathai, Arya, Nandha Periyasamy.,2005
Pushing It Hard,"[' Yuvan Shankar Raja', ' Clinton' , 'Premji']", Kanda Naal Mudhal, Prasanna, V. Priya.,2005
Pani Thuli,"[' Kay Kay', ' Shreya Ghoshal' , 'Thanvi Shah']", Kanda Naal Mudhal, Prasanna, V. Priya.,2005
Merke Merke,"[' Shankar Mahadevan', 'Sadhana Sargam']", Kanda Naal Mudhal, Prasanna, V. Priya.,2005
Koo Koovena,"[' Karthik', ' Harish Raghavendra', 'Mahalakshmi Iyer']", Kanda Naal Mudhal, Prasanna, V. Priya.,2005
Kanda Naal Mudhalai,"[' Subhiksha', 'Pooja']", Kanda Naal Mudhal, Prasanna, V. Priya.,2005
Erimalai Naane,"[' Shankar Mahadevan', 'Vasundhara Das']", Kanda Naal Mudhal, Prasanna, V. Priya.,2005
Ennamo Nadakkirathe,"[' Shaan', 'Chinmayi']", Sandakozhi, Vishal, N.Lingusamy.,2005
Ketta Kodukkira Boomi,"['Chinmayi', ' Ganga', ' Jassie Gift', ' Sujatha Mohan', 'Yuvan Shankar Raja', ' Premji']", Sandakozhi, Vishal, N.Lingusamy.,2005
Gumthalakkadi Gana,"['Karthik', ' Ranjith']", Sandakozhi, Vishal, N.Lingusamy.,2005
Mundasu Sooriyane,"['Karthik', ' Ranjith']", Sandakozhi, Vishal, N.Lingusamy.,2005
Dhavanipotta Deepavali,"['Vijay Yesudas', ' Shreya Ghoshal']", Sandakozhi, Vishal, N.Lingusamy.,2005
av,0, Sandakozhi, Vishal, N.Lingusamy.,2005
Eno Kangal Song,"[' Yuvan Shankar Raja', ' Sadhana Sargam']", Kalvanin Kadhali, S. J. Surya, Thamilvaanan.,2006
Tajmahal Oviya Kadhal Song,"[' Vijay Yesudas', ' Srimathumitha']", Kalvanin Kadhali, S. J. Surya, Thamilvaanan.,2006
Kudakkooli Koduthachu Song,"[' Anushka Manchanda', ' Premji']", Kalvanin Kadhali, S. J. Surya, Thamilvaanan.,2006
Ivan Kattil Nattu Song,"[' Clinton Cerejo', ' Andal', ' Mova']", Kalvanin Kadhali, S. J. Surya, Thamilvaanan.,2006
Uyir Piriyum Valiyai Song,[' Ranjith'], Kalvanin Kadhali, S. J. Surya, Thamilvaanan.,2006
Clash Of The Titans The War Cry,[' Instrumental'], Pudhupettai, Dhanush, Selvaraghavan.,2005
Going Thru Emotions Prelude,[' Instrumental'], Pudhupettai, Dhanush, Selvaraghavan.,2005
Neruppu Vaayinil,[' Kamal Haasan'], Pudhupettai, Dhanush, Selvaraghavan.,2005
Selling Dope The Beginning,[' Instrumental'], Pudhupettai, Dhanush, Selvaraghavan.,2005
Pudhupettai Main Theme,0, Pudhupettai, Dhanush, Selvaraghavan.,2005
 Ambuli Mama,['Karthik'], Perazhagan, Suriya, Sasi Shanker.,2004
Kaadhalukku,"['Pushpavana Kuppusaamy' , 'Sri Vardhini']", Perazhagan, Suriya, Sasi Shanker.,2004
Kaatru Enbatha,"['Shankar Mahadevan', 'Mathangi']", Perazhagan, Suriya, Sasi Shanker.,2004
Ore Oru Piravi,['Hariharan'], Perazhagan, Suriya, Sasi Shanker.,2004
Ninaithu Ninaithu Parthal,[' Shreya Goshal'], 7G Rainbow Colony, Ravi Krishna, Selvaraghavan.,2004
Kanaa Kaanum Kaalangal,"[' Harish Raghavendra', ' Madhumitha' , 'Ustad Sultan Khan']", 7G Rainbow Colony, Ravi Krishna, Selvaraghavan.,2004
Naam Vayathukku,"[' Unnikrishnan', ' Yuvan Shankar Raja', ' Shalini', 'Ganga']", 7G Rainbow Colony, Ravi Krishna, Selvaraghavan.,2004
Music of Joy,"[' Tippu' , 'Yuvan Shankar Raja']", 7G Rainbow Colony, Ravi Krishna, Selvaraghavan.,2004
Kan Peasum Varthaigal,[' Karthik'], 7G Rainbow Colony, Ravi Krishna, Selvaraghavan.,2004
Idhu Porkkalama,[' Harish Raghavendra'], 7G Rainbow Colony, Ravi Krishna, Selvaraghavan.,2004
Kanaa Kaanum Kaalangal II,"[' Madhumitha', 'Ustad Sultan Khan']", 7G Rainbow Colony, Ravi Krishna, Selvaraghavan.,2004
January Madham Mun Pani,"[' Madhangi' , 'Kunal Ganjawala']", 7G Rainbow Colony, Ravi Krishna, Selvaraghavan.,2004
Walking Through The Rainbow,[' Yuvan Shankar Raja'], 7G Rainbow Colony, Ravi Krishna, Selvaraghavan.,2004
Ninaithu Ninaithu Parthen (Male),[' Kay Kay'], 7G Rainbow Colony, Ravi Krishna, Selvaraghavan.,2004
Idhu Enna Maatram,[' P.B.Sreenivas'], 7G Rainbow Colony, Ravi Krishna, Selvaraghavan.,2004
En Aasai Mythiliye,"['STR, ' Suchitra']", Manmadhan, Silambarasan, A. J. Murugan.,2004
Vaanamunna,"['Shankar Mahadevan', 'Sriram']", Manmadhan, Silambarasan, A. J. Murugan.,2004
Thathai Thathai,"['STR', ' Vasundara Das', ' Blaaze']", Manmadhan, Silambarasan, A. J. Murugan.,2004
Om Magire,"['Anusha', ' Viva']", Manmadhan, Silambarasan, A. J. Murugan.,2004
Manmadhane Nee,['Sadhana Sargam'], Manmadhan, Silambarasan, A. J. Murugan.,2004
Bommalattam,"[' Karthik', ' K.S.Chitra Sivaraman']", Bose, Srikanth, Senthil Kumar.,2004
Doli Doli,[' Pop Shalini'], Bose, Srikanth, Senthil Kumar.,2004
Enna Enna,"[' Mathangi', ' Devan']", Bose, Srikanth, Senthil Kumar.,2004
Nijama Nijama,"[' Kay Kay', ' Shreya Ghoshal']", Bose, Srikanth, Senthil Kumar.,2004
Vaitha Kann,"[' Madhu Balakrishnan', ' Sri Vardhini']", Bose, Srikanth, Senthil Kumar.,2004
01. Naatu Sarakku,"['Dhanush', ' Ranjith' , 'Dr.Lavanya']", Pudhukottaiyilirundhu Saravanan, Dhanush, S. S. Stanley.,2004
Malargale,['Bombay Jayashri'], Pudhukottaiyilirundhu Saravanan, Dhanush, S. S. Stanley.,2004
Where Do We Go,['Yuvan Shankar Raja'], Pudhukottaiyilirundhu Saravanan, Dhanush, S. S. Stanley.,2004
Pudhu Kadhal,"['Ranjith' , 'Chimayi']", Pudhukottaiyilirundhu Saravanan, Dhanush, S. S. Stanley.,2004
Baby Baby,"['Carla (UK)' , 'Yuvan Shankar Raja']", Pudhukottaiyilirundhu Saravanan, Dhanush, S. S. Stanley.,2004
Kozhi Kokkara,"['Udit Narayan', ' Prashanthini']", Winner, Prashanth, Sundar C.,2011
Engirunthai Naan Mannil,['Harish Raghavendra'], Winner, Prashanth, Sundar C.,2011
Enthan Uyir Thozhiye,['Udit Narayan'], Winner, Prashanth, Sundar C.,2011
Mudhal Murai,"['Srinivas', ' Mahalakshmi Iyer']", Winner, Prashanth, Sundar C.,2011
Mathapoo,"['Tippu', ' Sriranjani']", Winner, Prashanth, Sundar C.,2011
Annamalai,"['Tippu', ' Devan']", Pudhiya Geethai, Vijay, K. P. Jagan.,2003
Manase,"['Bonnie Chakraborthy', ' Tippu', ' Swarnalatha']", Pudhiya Geethai, Vijay, K. P. Jagan.,2003
Mercury Poove,"['Nidheesh Gopalan', ' Bhavatharini', ' Bonnie Chakraborthy']", Pudhiya Geethai, Vijay, K. P. Jagan.,2003
Naan Odum,"['Mano', ' Tippu']", Pudhiya Geethai, Vijay, K. P. Jagan.,2003
Vasiyakara,"['Devan', ' Chitra Sivaraman']", Pudhiya Geethai, Vijay, K. P. Jagan.,2003
Vinothanae Vinothanae,"['Srinivas', 'Srilekha Parthasarathy']", Thennavan,Vijaykanth, M. Nandakumaran.,2003
Adi Sami Sathiyamma,"['S.P Balasubrahmanyam',  'Sharmila']", Thennavan,Vijaykanth, M. Nandakumaran.,2003
Desakaatrae Desakaatrae,['Tippu'. 'Ganga'], Thennavan,Vijaykanth, M. Nandakumaran.,2003
Desakaatrae,"['Shankar Mahadevan', 'Ganga']", Thennavan,Vijaykanth, M. Nandakumaran.,2003
Englishil Paadina,['Malgudi Suba'], Thennavan,Vijaykanth, M. Nandakumaran.,2003
Vatta Vatta,"['Unnimenon', 'Padmalatha']", Thennavan,Vijaykanth, M. Nandakumaran.,2003
Oh Shalalala Jamaai,"['Yuvan Shankar Raja', ' Yugendran', ' Premji']", Junior Senior, Mammootty, J. Suresh.,2002
Singara Kanna,['Chitra Sivaraman'], Junior Senior, Mammootty, J. Suresh.,2002
Anandham Pennukulle,['Unnikrishnan'], Junior Senior, Mammootty, J. Suresh.,2002
Pudhusai Pudhusai,"['Srinivas', ' Tippu']", Junior Senior, Mammootty, J. Suresh.,2002
Naan Oruvan,['Vijay Yesudas'], Junior Senior, Mammootty, J. Suresh.,2002
Bombay_City,['Pavithra'], Kadhal Samrajyam, Aravind Akash, Agathiyan.,2002
Chithanna_Vasal,"[''S.P.Balasubrahmanyam', 'Sujatha']", Kadhal Samrajyam, Aravind Akash, Agathiyan.,2002
Iru_Kankal_Sollum,"['Palaram', ' Poornima' , 'Gopika']", Kadhal Samrajyam, Aravind Akash, Agathiyan.,2002
Kalluri_Padam,['Shankarmahadevan'], Kadhal Samrajyam, Aravind Akash, Agathiyan.,2002
Mullaipoo,"['S.P.B.Saran', ' Venkat Prabhu' , 'Yugendran']", Kadhal Samrajyam, Aravind Akash, Agathiyan.,2002
Saisa,['Theme Music'], Kadhal Samrajyam, Aravind Akash, Agathiyan.,2002
Thozha_Thozha,['Karthik'], Kadhal Samrajyam, Aravind Akash, Agathiyan.,2002
AzhagaanaAangal,['Prasanna'], April Maadhathil, Srikanth, S. S. Stanley.,2002
Kanavugal Pookkum,"['S.P.Balasubrahmanyam', ' Pop Shalini']", April Maadhathil, Srikanth, S. S. Stanley.,2002
Manasae Manasae,['Karthik'], April Maadhathil, Srikanth, S. S. Stanley.,2002
Poi Solla Manasukku,['Yuvan Shankar Raja'], April Maadhathil, Srikanth, S. S. Stanley.,2002
Sight Adippom,"['STR', ' Karthik']", April Maadhathil, Srikanth, S. S. Stanley.,2002
Yeh Nenje,"['Harish Raghavendra', ' Sadhana Sargam']", April Maadhathil, Srikanth, S. S. Stanley.,2002
Poo Poovai,"['Unni Menon', ' Ganga']", Bala, Shaam, Deepak.,2002
Theendi Theendi,"['Unni Krishnan', ' Sujatha']", Bala, Shaam, Deepak.,2002
Bailamo,['Yuvan Shankar Raja'], Bala, Shaam, Deepak.,2002
Vannathi Poochi,"['Karthik', ' Mathangi']", Bala, Shaam, Deepak.,2002
Enn Kannai,['Shankar Mahadevan'], Bala, Shaam, Deepak.,2002
Aadatha Aatamellam,['Karthik'], Mounam Pesiyadhe, Suriya, Ameer Sultan.,2002
Arupadhu Aayidichu,"['Manicka Vinayagam', 'Malgudi Suba']", Mounam Pesiyadhe, Suriya, Ameer Sultan.,2002
Chinna Chinnathai Penne,"['Hariharan' , 'Yuvan Shankar Raja']", Mounam Pesiyadhe, Suriya, Ameer Sultan.,2002
Eh Nanbane Kopam,"['Hariharan', 'Shankar Mahadevan']", Mounam Pesiyadhe, Suriya, Ameer Sultan.,2002
En Anbae En Anbae,['Shankar Mahadevan'], Mounam Pesiyadhe, Suriya, Ameer Sultan.,2002
Ilamai Oorai Sutrum,"['Nidheesh Gopalan' , 'Yuvan Shankar Raja']", Mounam Pesiyadhe, Suriya, Ameer Sultan.,2002
Kannil Kanthamey Vendam,"['S.P.Balasubrahmanyam', 'Thara']", Mounam Pesiyadhe, Suriya, Ameer Sultan.,2002
Idhu Kadhala,['Yuvan Shnakar Raja'], Thulluvadho Ilamai, Dhanush, Selvaraghavan.,2002
Kanmuney Ethanai Nilavu,"['Yuvan Shnakar Raja' , 'Timmy']", Thulluvadho Ilamai, Dhanush, Selvaraghavan.,2002
Kattrukku Kattrukku,"['Harish Raghavendra', ' Harini', ' Febi Mani', ' Sunder Rajan']", Thulluvadho Ilamai, Dhanush, Selvaraghavan.,2002
Naeruppu Koothadikkudhu,"['Venket Prabhu', ' Chitra Sivaraman']", Thulluvadho Ilamai, Dhanush, Selvaraghavan.,2002
Theenda Teenda (Duet),"['P. Unni Krishnan' , 'Bombay Jayashri']", Thulluvadho Ilamai, Dhanush, Selvaraghavan.,2002
Theenda Theenda (Solo),['Bombay Jayashri'], Thulluvadho Ilamai, Dhanush, Selvaraghavan.,2002
Theepiditha Kangal,['Boney'], Thulluvadho Ilamai, Dhanush, Selvaraghavan.,2002
Theme Music,['Instrumental'], Thulluvadho Ilamai, Dhanush, Selvaraghavan.,2002
Vaanam Oru,"['Yuvan Shankar Raja', ' Boney', 'Lavanya']", Thulluvadho Ilamai, Dhanush, Selvaraghavan.,2002
All Day Jolly,"['Shankar Mahadevan', ' Yuvan Shankar Raja']", Manadhai Thirudivittai, Prabhu Deva, R. D. Narayanamurthy.,2001
Azhagana Suriyan,['Sujatha'], Manadhai Thirudivittai, Prabhu Deva, R. D. Narayanamurthy.,2001
Color Color,['Chitra Sivaraman'], Manadhai Thirudivittai, Prabhu Deva, R. D. Narayanamurthy.,2001
Kutti Kutti,['Sadhana Sargam'], Manadhai Thirudivittai, Prabhu Deva, R. D. Narayanamurthy.,2001
Manjakatu Maina,"['Karthik', ' Sadhana Sargam']", Manadhai Thirudivittai, Prabhu Deva, R. D. Narayanamurthy.,2001
Or Aayiram Yaanai,['Unni Krishnan'], Nandha, Suriya, Bala.,2001
Mun Paniyaa,"['S. P. B. Saran', ' Malgudi Subha']", Nandha, Suriya, Bala.,2001
Maayane Andha,"['Rajalakshmi', ' Madhumitha', 'Chorus']", Nandha, Suriya, Bala.,2001
Kalli Adi Kalli,"['Anuradha Sriram', ' Madhumitha', 'Chorus']", Nandha, Suriya, Bala.,2001
Engengo Kaalgal Sellum,['Ilaiyaraaja'], Nandha, Suriya, Bala.,2001
Vaa Vaa Poove,"['Hariharan', ' S. Janaki']", Rishi, Sarath Kumar, Sundar C.,2001
Kaatrodu Puyalai,"['Shankar Mahadevan', ' Annupamaa']", Rishi, Sarath Kumar, Sundar C.,2001
Oh Mane Mane (F),['Sujatha'], Rishi, Sarath Kumar, Sundar C.,2001
Jumbo Ithu Kadhal,"['S. P. B. Charan', ' Sujatha']", Rishi, Sarath Kumar, Sundar C.,2001
05. Oh Mane Mane (M),['Hariharan'], Rishi, Sarath Kumar, Sundar C.,2001
En Nenjil Ningalane,['Harish Ragavendra'], Dheena, Ajith Kumar, A. R. Murugadoss.,2001
Kathal Website Ondru,"['Shankar Mahadevan', ' Harini', ' Timmy', 'Yuvan Shankar Raja']", Dheena, Ajith Kumar, A. R. Murugadoss.,2001
Nee Illai Enral,"['Bhavatharini', ' Murugan M.Iyer', ' Timmy' , 'Yuvan Shankar Raja']", Dheena, Ajith Kumar, A. R. Murugadoss.,2001
Sollamal Thottu Chellum Thendral,['Hariharan'], Dheena, Ajith Kumar, A. R. Murugadoss.,2001
CBI Enge Theda,['Sukhwinder Singh'], Poovellam Kettuppar, Suriya, Vasanth.,1999
Chudithar Aninthu Vantha,"['Hariharan', ' Sadhana Sargam']", Poovellam Kettuppar, Suriya, Vasanth.,1999
Irava Pagala,"['Hariharan', ' Sujatha']", Poovellam Kettuppar, Suriya, Vasanth.,1999
Poothathu Poothathu,['Bhavatharini'], Poovellam Kettuppar, Suriya, Vasanth.,1999
Poova Poova Poove,['Nithyasree Mahadevan'], Poovellam Kettuppar, Suriya, Vasanth.,1999
Poove Poove (Male),['P. Unni Krishnan'], Poovellam Kettuppar, Suriya, Vasanth.,1999
Senyoreeta Senyoreeta,['P. Unni Krishnan'], Poovellam Kettuppar, Suriya, Vasanth.,1999
Monalisa,"['Devan', ' Anuradha Sriram']", Unakkaga Ellam Unakkaga, Karthik, Sundar C.,1999
Vennila,['Hariharan'], Unakkaga Ellam Unakkaga, Karthik, Sundar C.,1999
Duniya,"['Srinivas', ' Sandeep']", Unakkaga Ellam Unakkaga, Karthik, Sundar C.,1999
Thulli Thulli,"['S.P.B.Saran', ' Sujatha']", Unakkaga Ellam Unakkaga, Karthik, Sundar C.,1999
Achutha Achutha,"['Yuvan Shankar Raja', ' Premji']", Velai, Vignesh Indraja Nassar., Suresh.,1998
Kunnooru Poochadi,"['Udit Narayan', ' Sujatha Mohan']", Velai, Vignesh Indraja Nassar., Suresh.,1998
Kanni Ponnu,['Pop Shalini'], Velai, Vignesh Indraja Nassar., Suresh.,1998
Oyvedu Nilave,"['Hariharan', ' Bhavatharini']", Velai, Vignesh Indraja Nassar., Suresh.,1998
Kaalathuketha Oru Gana,"['Vijay', ' Nassar', ' Premji']", Velai, Vignesh Indraja Nassar., Suresh.,1998
Madona Paattu,"['Mano', ' Pop Shalini', ' Yuvan Shankar Raja']", Kalyana Galatta, Sathyaraj, Rajkapoor.,1998
Adiye Kuruvamma,"['Mano', ' Anuradha Sriram']", Kalyana Galatta, Sathyaraj, Rajkapoor.,1998
Aadham Yevaal,"['Venkat Prabhu', ' Bhavatharini']", Kalyana Galatta, Sathyaraj, Rajkapoor.,1998
Velli Malai Kattu,"['Arunmozhi', ' K. S. Chitra']", Kalyana Galatta, Sathyaraj, Rajkapoor.,1998
Vazhkaiyil,"['Bhavatharini', ' Mano', ' Yuvan Shankar Raja']", Kalyana Galatta, Sathyaraj, Rajkapoor.,1998
All The Best,"['Hariharan' , 'Pavatharaini']", Aravindhan, Sarath Kumar, T. Nagarajan.,1997
Era Nila Malargalai,"[''S.P.Balasubrahmanyam'', 'Sobhana']", Aravindhan, Sarath Kumar, T. Nagarajan.,1997
Hey Hey,"['Mano',  'Sumangall', ' Yogi']",Aravindhan, Sarath Kumar, T. Nagarajan.,1997
Poovattam,"['T.L.Maharajan', 'Swarnalatha']",Aravindhan, Sarath Kumar, T. Nagarajan.,1997
Pothum Idhu Pothum,['Unni Krishnan'],Aravindhan, Sarath Kumar, T. Nagarajan.,1997
Suttrum Poomi,['Jeyachandran'],Aravindhan, Sarath Kumar, T. Nagarajan.,1997
Thanga Suriyan,"['Mano',  'Swarnalatha']",Aravindhan, Sarath Kumar, T. Nagarajan.,1997
Aasai Nooru Vagai,"['Malaysia Vasudevan', 'Devan']",Kurumbu,Allari Naresh, Vishnuvardhan.,2003
Adichchi Pudichchi,"['Devan, 'Sunitha Sarathy']",Kurumbu,Allari Naresh, Vishnuvardhan.,2003
Vaa Masakaatre,"['Srinivas', 'Harish Raghavendra', 'Srilekha Parthasarathy', 'Subiksha']",Kurumbu,Allari Naresh, Vishnuvardhan.,2003
Oviya Un Ora Parvai,['P. S. Balram'],Kurumbu,Allari Naresh, Vishnuvardhan.,2003
Kingini Mingini,"['Yuvan Shankar Raja', 'Shalini Singh', 'Prashanthi']",Kurumbu,Allari Naresh, Vishnuvardhan.,2003
Adhichi Pudhichi II,"['Afroze',  'Gopika Varma']",Kurumbu,Allari Naresh, Vishnuvardhan.,2003
Theme Music Sax Bit,['Yuvan Shankar Raja'],Kurumbu,Allari Naresh, Vishnuvardhan.,2003
Kurumbu Kurumbu,['Instrumental'],Kurumbu,Allari Naresh, Vishnuvardhan.,2003
Gangster,"['Yuvan Shankar Raja', 'Stefny']",Billa II, Ajith Kumar,Chakri Toleti,2012
Idhayam,['Shweta Pandit'],Billa II, Ajith Kumar,Chakri Toleti,2012
Yedho Mayakkam,"['Yuvan Shankar Raja', ' Tanvi Shah', ' Suvi Suresh']",Billa II, Ajith Kumar,Chakri Toleti,2012
Madurai Ponnu,['Andrea Jeremiah'],Billa II, Ajith Kumar,Chakri Toleti,2012
Unakkulle Mirugam,['Ranjith'],Billa II, Ajith Kumar,Chakri Toleti,2012
Billa 2 Theme Music,['Yuvan Shankar Raja'],Billa II, Ajith Kumar,Chakri Toleti,2012
Aanandha Yazhai,['Sriram Parthasarathy'],Thanga Meengal, Ram, Ram.,2013
First Last," ['Baby Sadhana, 'Baby Sanjana']",Thanga Meengal, Ram, Ram.,2013
Nathi Vellam,['Rahul Nambiar'],Thanga Meengal, Ram, Ram.,2013
Yaarukkum Thozhan Illai,['Alphons Joseph'],Thanga Meengal, Ram, Ram.,2013
U1 Introduction Theme Music,['Yuvan Shankar Raja'],Theeradha Vilaiyattu Pillai,Vishal,Thiru.,2009
Poo Mudhal Pen Varai ,['Yuvan Shankar Raja'],Theeradha Vilaiyattu Pillai,Vishal,Thiru.,2009
En Jannal Vandha ,"['Roshini', 'Priya', 'Divya', 'Pan Bundy']",Theeradha Vilaiyattu Pillai,Vishal,Thiru.,2009
Theeratha Vilaiyattu,"['Andrea Jeremiah', 'Thanvi', 'Vinaitha', 'Ranjith']",Theeradha Vilaiyattu Pillai,Vishal,Thiru.,2009
En Aasai Ethiraliye," ['Vijay Yesudas', 'Vinaitha']",Theeradha Vilaiyattu Pillai,Vishal,Thiru.,2009
Oru Punnagai Thane,['Ranjith'],Theeradha Vilaiyattu Pillai,Vishal,Thiru.,2009
Teriyaamaley Toleygiyren - (Movie Version),['Yuvan Shankar Raja'],Theeradha Vilaiyattu Pillai,Vishal,Thiru.,2009
En Kadhal ,['Yuvan Shankar Raja'],Punnagai Poove,Nandha,Saba Kailash,2003
Jogging Seyyum,['Shalini'],Punnagai Poove,Nandha,Saba Kailash,2003
Oru Poongili ,"['Srinivas', 'Prasanna']", Punnagai Poove,Nandha,Saba Kailash,2003
Siragaki Ponathe,"['Suchitra', 'Ganga']",Punnagai Poove,Nandha,Saba Kailash,2003
Thiruvallikeni,"['Karthik', 'Tippu']",Punnagai Poove,Nandha,Saba Kailash,2003
Vaanam Thoovum Poo,"['Harish Raghavendra, Harini']",Punnagai Poove,Nandha,Saba Kailash,2003
Venus Venus,"['Devan', 'Harini']",Punnagai Poove,Nandha,Saba Kailash,2003
Yeno Uyir,['Bhavatharini'],Punnagai Poove,Nandha,Saba Kailash,2003
Adadaa Adadaa Ennai ,"['Harini', ' Anoop Shankar']",Agaram,Nandha,T. Nagarajan,2007
Line Kidaichuduche ,"['Harish Raghavendra', 'Sharda']",Agaram,Nandha,T. Nagarajan,2007
Ponnu Thotha ,"['Manikka Vinayagam', 'Malgudi Subbha']",Agaram,Nandha,T. Nagarajan,2007
Toppu Yegiri Pogum,"['Tippu', 'Puspavanam Kuppusamy']",Agaram,Nandha,T. Nagarajan,2007
Unnai Naan Paarthen,"['Mahalakshmi Iyer', 'Anoop Shankar']",Agaram,Nandha,T. Nagarajan,2007
Mudhal Mudhalaga,['Hariharan'],Ethiri,Madhavan,K. S. Ravikumar,2004
Ichu Thariya,"['Shankar Mahadevan', 'Srivardhini']",Ethiri,Madhavan,K. S. Ravikumar,2004
Saithane Saithane ,"['Shankar Mahadevan', 'Srilekha Parthasarathy']",Ethiri,Madhavan,K. S. Ravikumar,2004
Podu Nanba Sakka Podu,['Karthik'],Ethiri,Madhavan,K. S. Ravikumar,2004
Thamizhnaatu Pennai,"['Tippu', 'Pop Shalini']",Ethiri,Madhavan,K. S. Ravikumar,2004
Bottle Mani,"['Premji', 'Chorus']",Ethiri,Madhavan,K. S. Ravikumar,2004
Kadhal Vandhu,"['Ranjith', 'Sujatha']",Ethiri,Madhavan,K. S. Ravikumar,2004
Nellayila Mannedutha,['Roshini'],Machakaaran,Jeevan,Tamilvannan,2007
Vaanathayum Megathayum,['Haricharan'],Machakaaran,Jeevan,Tamilvannan,2007
Vayasu Ponnukku ,['Mahalakshmi Iyer'],Machakaaran,Jeevan,Tamilvannan,2007
Jigiruthaanda ,"['Shankar Mahadevan', 'Snekha Bandh']",Machakaaran,Jeevan,Tamilvannan,2007
Nee Nee Nee,"['Hariharan', 'Madhushree']",Machakaaran,Jeevan,Tamilvannan,2007
Poovellam Paaraddum,"['Nithesh Gopalan', 'Karthik', 'Tippu', 'Pop Shalini']",Pop Corn,Mohanlal,Nassar,2003
Naan Vachen Lesa,"['Srinivas', 'Vasundhra Das']",Pop Corn,Mohanlal,Nassar,2003
En Isaikku,"['Hariharan', 'Sriram Parthasarathy']",Pop Corn,Mohanlal,Nassar,2003
Poovaitha Poovil,"['Prasanna Rao', 'Mathangi']",Pop Corn,Mohanlal,Nassar,2003
Poikaal Kudhirai,"['Hariharan', 'Manicka Vinayagam', 'Sujatha']",Pop Corn,Mohanlal,Nassar,2003
Amma Inge Vaa,"['Mohan Lal', 'Subiksha', 'Srilekha Parthasarthy']",Pop Corn,Mohanlal,Nassar,2003
Kadhalagi Kaninthu,"['S. P. Balasubramanyam', 'Srilekha Parthasarathy']",Pop Corn,Mohanlal,Nassar,2003
PopCorn (Theme Music) ,['Instrumental'],Pop Corn,Mohanlal,Nassar,2003
